ISO,Country,Data source,Sector,Gas,Unit,2022,2021,2020,2019,2018,2017,2016,2015,2014,2013,2012,2011,2010,2009,2008,2007,2006,2005,2004,2003,2002,2001,2000,1999,1998,1997,1996,1995,1994,1993,1992,1991,1990
WORLD,World,Climate Watch,Total including LUCF,All GHG,MtCO₂e,50122.98,49656.95,47566.6,49867.66,49493.66,48411.38,47725.11,47126.46,47197.49,46554.23,45933.95,45457.38,45287.07,43472.48,43553.5,43315.35,42543.2,41089.4,40156.43,38351.96,37368.3,36413.05,36330.44,35641.67,35644.87,36105.39,34738.96,34342.37,33543.05,33266.46,33115.4,33203.66,33027.0
CHN,China,Climate Watch,Total including LUCF,All GHG,MtCO₂e,12715.91,12707.32,12107.8,11973.63,11750.49,11266.25,11048.37,11012.14,11138.19,11078.92,10610.96,10333.59,9853.11,9032.16,8468.56,8220.92,7631.36,6967.42,6203.69,5457.0,4796.33,4504.12,4303.74,4134.06,4202.18,4085.27,4089.2,4067.55,3668.88,3511.39,3282.21,3153.23,3004.93
USA,United States,Climate Watch,Total including LUCF,All GHG,MtCO₂e,5604.33,5519.98,5229.09,5764.16,5887.04,5675.03,5724.27,5653.7,5764.49,5717.31,5574.47,5792.23,6009.52,5738.8,6156.58,6344.05,6240.78,6331.66,6312.12,6229.43,6165.13,6318.57,6356.36,6194.58,6195.55,6148.63,5889.13,5718.86,5650.27,5558.05,5448.56,5366.13,5416.53
IND,India,Climate Watch,Total including LUCF,All GHG,MtCO₂e,3737.4,3517.19,3259.8,3440.96,3438.38,3298.32,3176.21,3109.67,3066.88,2881.02,2819.84,2666.56,2619.24,2501.88,2387.54,2272.34,2125.43,2026.54,1954.83,1864.63,1820.12,1800.4,1553.12,1513.92,1435.64,1405.66,1345.12,1296.28,1229.61,1184.08,1151.27,1127.84,1073.97
EUU,European Union (27),Climate Watch,Total including LUCF,All GHG,MtCO₂e,3060.91,3141.35,2975.82,3252.01,3398.62,3479.95,3464.33,3119.82,3063.54,3210.43,3292.45,3353.79,3722.84,3644.1,3913.02,4007.44,4044.0,4043.84,4069.25,4069.4,3980.54,3993.73,3985.63,3983.63,4059.48,4101.87,4178.39,4067.46,4015.96,4028.94,4105.22,4248.35,4319.88
RUS,Russia,Climate Watch,Total including LUCF,All GHG,MtCO₂e,1821.21,1872.58,1695.74,1785.97,1771.73,1693.44,1665.63,1540.06,1561.73,1565.27,1610.47,1627.01,1455.96,1374.18,1502.3,1500.47,1490.99,1453.77,1430.78,1435.92,1362.36,1356.54,1743.99,1689.38,1662.14,1659.14,1806.18,1848.54,1923.01,2153.42,2339.8,2496.95,2559.97
BRA,Brazil,Climate Watch,Total including LUCF,All GHG,MtCO₂e,1537.74,1539.96,1478.0,1474.99,1453.09,1495.07,1470.17,1387.86,1401.52,1361.69,1340.56,1295.81,2136.0,2028.17,2056.25,2057.23,2018.16,2030.43,2014.54,1966.63,1952.78,1914.45,1821.61,1818.95,1807.36,1771.17,1739.31,1736.42,1709.98,1693.26,1682.54,1672.66,1651.71
IDN,Indonesia,Climate Watch,Total including LUCF,All GHG,MtCO₂e,1530.41,1436.75,1435.34,1867.07,1597.62,1349.75,1347.43,1979.37,1935.69,1565.48,1622.4,1603.03,1052.15,1410.08,1013.92,1030.66,1590.02,1170.73,1446.28,1100.53,1436.32,952.49,1124.66,1194.51,1303.93,2073.23,1103.47,1252.02,1216.74,1195.56,1180.03,1160.34,1138.91
JPN,Japan,Climate Watch,Total including LUCF,All GHG,MtCO₂e,1043.7,1074.45,1058.63,1119.7,1160.6,1203.99,1220.91,1214.87,1251.68,1298.2,1282.27,1238.61,1131.82,1074.46,1131.71,1201.07,1166.21,1186.69,1179.88,1189.91,1182.87,1152.62,1196.24,1181.35,1151.6,1198.11,1210.89,1195.62,1180.51,1123.17,1129.83,1116.61,1101.57
IRN,Iran,Climate Watch,Total including LUCF,All GHG,MtCO₂e,1003.54,992.44,923.88,904.67,870.79,877.88,847.34,811.14,813.51,789.84,767.88,769.42,714.89,711.05,690.25,683.65,652.24,611.9,572.67,537.47,501.69,489.38,499.27,471.38,436.9,435.16,417.9,402.58,393.05,361.96,354.32,332.35,305.08
SAU,Saudi Arabia,Climate Watch,Total including LUCF,All GHG,MtCO₂e,775.38,730.5,708.75,706.87,702.43,714.89,720.25,713.63,680.51,637.13,620.93,585.17,554.44,510.19,496.72,457.59,437.48,415.03,395.46,378.55,358.38,340.7,336.82,320.94,316.33,300.33,294.29,278.84,279.97,280.97,283.79,266.62,234.52
CAN,Canada,Climate Watch,Total including LUCF,All GHG,MtCO₂e,749.9,736.54,725.88,780.76,788.58,769.41,751.93,855.49,858.25,850.53,838.82,838.99,989.31,971.33,1005.24,1028.03,996.0,1006.43,992.18,1002.21,979.75,958.51,732.94,715.71,716.81,700.46,688.69,667.58,652.02,634.32,638.56,624.64,628.84
COD,Democratic Republic of the Congo,Climate Watch,Total including LUCF,All GHG,MtCO₂e,700.17,701.41,700.38,697.86,692.6,700.08,695.38,694.95,691.48,691.91,688.35,695.97,459.93,455.8,455.71,449.82,457.62,455.59,455.59,451.47,443.61,428.83,431.69,435.35,443.03,440.91,434.08,443.15,442.93,441.42,439.95,439.66,440.88
DEU,Germany,Climate Watch,Total including LUCF,All GHG,MtCO₂e,695.85,705.52,683.1,738.79,789.7,818.23,835.61,832.88,828.21,868.82,853.7,840.55,880.96,850.67,907.2,904.4,932.81,924.08,946.03,962.78,961.8,978.03,926.36,934.0,972.05,994.68,1031.77,1001.96,1005.66,1014.74,1023.36,1069.03,1095.57
MEX,Mexico,Climate Watch,Total including LUCF,All GHG,MtCO₂e,636.97,634.79,623.23,682.7,665.19,693.62,695.41,687.53,671.49,678.46,691.56,686.21,582.25,565.48,576.41,572.58,561.06,541.56,517.49,510.35,483.48,473.2,565.93,539.14,555.52,522.29,498.22,479.09,499.63,472.8,455.37,452.41,433.22
KOR,South Korea,Climate Watch,Total including LUCF,All GHG,MtCO₂e,626.65,646.94,625.27,668.05,690.9,670.32,649.5,640.13,627.1,640.76,640.96,642.09,602.44,542.04,532.62,520.18,505.42,498.59,503.17,482.64,470.15,456.53,460.84,420.37,380.69,445.36,420.91,391.68,362.17,335.68,304.39,279.51,250.5
AUS,Australia,Climate Watch,Total including LUCF,All GHG,MtCO₂e,574.43,578.11,581.54,628.92,642.56,644.29,599.0,591.51,594.4,577.35,661.04,658.48,618.56,637.61,619.46,648.99,647.54,601.16,637.85,587.02,663.11,666.85,659.76,640.78,600.6,574.95,563.45,561.96,555.43,548.59,545.86,545.82,544.75
ZAF,South Africa,Climate Watch,Total including LUCF,All GHG,MtCO₂e,529.95,546.68,552.05,573.98,568.23,562.97,549.73,551.7,576.93,564.38,552.2,530.74,547.51,523.84,545.67,512.83,491.32,488.61,488.13,459.62,435.53,420.27,387.51,388.12,409.01,400.61,384.31,373.07,359.77,352.58,341.54,344.96,348.66
PAK,Pakistan,Climate Watch,Total including LUCF,All GHG,MtCO₂e,505.37,495.84,480.9,447.33,443.82,448.26,423.32,398.9,384.89,371.73,359.5,354.87,346.93,352.84,340.19,338.37,320.81,300.99,291.7,274.03,264.53,257.75,254.79,252.05,238.77,234.97,228.01,220.61,209.35,202.38,192.66,182.79,178.62
TUR,Turkey,Climate Watch,Total including LUCF,All GHG,MtCO₂e,496.76,513.92,475.93,462.83,474.88,474.47,432.16,374.19,366.06,340.71,349.85,334.29,328.18,317.97,314.46,317.3,287.68,258.46,246.0,239.99,228.49,218.2,266.14,242.2,242.32,241.1,232.11,214.4,199.9,204.73,198.44,190.95,188.5
THA,Thailand,Climate Watch,Total including LUCF,All GHG,MtCO₂e,466.03,449.76,455.25,453.88,437.24,437.52,426.34,401.06,398.66,400.59,391.47,367.06,334.71,312.2,315.48,314.3,296.79,293.38,285.81,262.87,252.38,238.9,273.02,272.59,261.13,280.21,270.43,249.79,231.46,216.2,198.4,185.86,174.35
VNM,Vietnam,Climate Watch,Total including LUCF,All GHG,MtCO₂e,454.06,453.72,463.71,450.86,395.47,337.13,329.3,298.89,281.82,268.07,253.18,252.03,288.54,270.01,246.82,237.72,223.27,219.35,209.59,188.58,182.58,166.42,71.77,63.92,59.71,47.85,39.92,31.94,24.03,19.56,13.82,11.03,6.87
ARG,Argentina,Climate Watch,Total including LUCF,All GHG,MtCO₂e,429.28,407.73,390.84,404.78,408.15,409.61,405.01,437.66,431.76,433.98,424.43,419.29,438.38,432.87,453.65,449.1,436.44,422.2,418.71,402.88,380.83,383.65,341.8,343.37,336.33,331.14,325.81,314.05,311.1,307.69,306.85,301.91,297.62
GBR,United Kingdom,Climate Watch,Total including LUCF,All GHG,MtCO₂e,413.58,426.28,408.96,451.93,467.36,476.0,488.58,511.15,526.75,567.08,583.8,563.92,606.64,593.53,649.53,670.48,685.77,689.36,695.47,700.79,692.07,710.3,700.2,698.39,722.33,724.64,744.94,723.66,731.46,733.77,752.2,769.97,761.27
MYS,Malaysia,Climate Watch,Total including LUCF,All GHG,MtCO₂e,386.55,372.74,370.63,380.79,375.22,352.59,368.42,181.48,197.1,164.23,142.23,141.88,365.91,353.24,358.56,347.35,323.11,327.25,312.07,286.7,277.55,260.79,269.52,257.97,280.63,251.39,239.74,229.21,221.56,213.23,206.62,203.88,192.55
ITA,Italy,Climate Watch,Total including LUCF,All GHG,MtCO₂e,370.37,369.88,337.1,375.0,384.07,389.1,394.45,377.11,365.52,385.0,416.87,435.02,445.46,437.01,485.8,500.84,507.59,519.41,518.18,506.51,487.83,478.52,480.08,474.28,466.71,455.43,451.52,455.01,429.78,434.71,440.72,443.74,446.38
NGA,Nigeria,Climate Watch,Total including LUCF,All GHG,MtCO₂e,356.48,363.64,356.78,362.99,351.51,342.36,344.88,341.22,346.24,335.7,324.62,321.91,313.88,285.65,297.94,294.48,305.96,319.17,315.37,312.37,290.27,311.51,315.65,302.1,316.12,335.3,343.54,313.06,308.75,314.1,317.36,301.27,284.35
POL,Poland,Climate Watch,Total including LUCF,All GHG,MtCO₂e,348.05,363.65,338.45,355.65,373.97,376.58,364.48,359.89,356.57,370.81,376.96,383.07,342.74,323.64,341.09,348.66,350.27,336.26,335.59,332.28,321.08,327.94,388.54,405.19,417.4,452.59,461.87,448.79,447.42,452.51,453.16,464.3,468.94
EGY,Egypt,Climate Watch,Total including LUCF,All GHG,MtCO₂e,336.04,336.58,316.35,307.42,331.43,338.24,327.44,317.91,307.94,301.59,299.63,291.24,283.79,282.56,274.34,267.42,251.48,240.35,221.68,209.5,203.72,197.99,185.68,186.22,177.44,171.79,163.01,155.5,146.14,149.3,142.75,140.19,135.19
FRA,France,Climate Watch,Total including LUCF,All GHG,MtCO₂e,329.77,342.03,313.28,351.21,360.56,374.52,370.84,371.78,366.23,399.75,398.44,395.2,406.33,402.46,420.3,426.34,433.02,442.83,441.55,443.4,438.26,445.21,481.46,483.08,492.27,476.26,485.58,465.9,457.25,462.97,481.94,496.5,471.51
KAZ,Kazakhstan,Climate Watch,Total including LUCF,All GHG,MtCO₂e,328.43,327.97,308.02,306.44,316.7,314.39,292.18,273.87,305.67,345.8,332.65,336.56,322.68,302.24,327.89,289.72,278.06,256.04,241.62,223.18,209.62,181.44,182.48,177.97,195.0,195.17,217.85,243.77,278.18,301.76,341.18,341.03,333.69
IRQ,Iraq,Climate Watch,Total including LUCF,All GHG,MtCO₂e,304.89,278.61,261.1,278.05,260.11,245.87,231.45,207.55,202.15,204.27,191.92,168.94,159.64,143.95,134.47,119.08,124.0,124.66,128.2,113.48,132.86,142.74,132.4,115.85,130.12,148.07,120.39,122.08,124.08,109.33,83.22,59.04,98.86
DZA,Algeria,Climate Watch,Total including LUCF,All GHG,MtCO₂e,293.04,279.62,272.63,286.03,278.51,269.9,264.74,265.18,256.06,244.24,238.93,220.48,213.54,208.79,207.18,202.5,199.1,192.41,185.47,181.42,166.96,160.23,165.96,156.03,152.2,150.34,151.49,147.25,140.98,138.81,130.41,129.52,125.94
COL,Colombia,Climate Watch,Total including LUCF,All GHG,MtCO₂e,278.93,282.02,271.72,277.42,275.72,267.28,271.8,241.49,242.75,239.35,229.42,231.07,249.48,244.97,241.29,240.2,233.6,233.54,232.1,229.65,226.82,229.4,239.35,234.91,246.46,244.37,237.75,237.42,232.69,229.98,224.99,221.61,220.38
ESP,Spain,Climate Watch,Total including LUCF,All GHG,MtCO₂e,275.3,273.62,256.83,295.86,313.29,319.79,303.15,318.71,308.15,309.42,335.85,342.22,331.25,346.14,382.2,415.53,399.31,405.28,390.62,374.56,365.51,348.82,327.1,309.78,285.18,275.74,254.28,260.91,247.2,234.28,249.06,239.24,232.96
VEN,Venezuela,Climate Watch,Total including LUCF,All GHG,MtCO₂e,264.4,238.57,237.04,316.81,372.52,423.67,462.94,560.64,584.75,591.26,589.09,559.56,542.42,539.59,554.3,536.97,541.91,544.16,520.9,492.25,510.45,532.88,583.79,564.93,591.67,592.68,570.56,537.26,506.91,499.54,490.95,488.73,469.0
BGD,Bangladesh,Climate Watch,Total including LUCF,All GHG,MtCO₂e,254.64,250.59,235.1,238.37,233.85,229.74,220.31,212.88,205.15,200.4,195.84,191.21,185.23,177.92,173.48,165.2,162.24,156.34,151.43,149.75,147.7,144.2,137.92,136.21,131.62,130.98,128.07,126.44,120.83,117.64,116.28,114.19,113.98
ARE,United Arab Emirates,Climate Watch,Total including LUCF,All GHG,MtCO₂e,253.02,252.05,248.73,251.83,238.78,254.61,263.55,256.28,244.39,241.57,229.32,218.83,210.98,203.37,204.29,178.16,167.61,159.87,150.29,142.05,133.2,131.68,118.01,117.11,116.39,114.23,111.09,106.57,101.78,92.95,88.82,90.38,81.73
PHL,Philippines,Climate Watch,Total including LUCF,All GHG,MtCO₂e,246.56,239.42,229.02,238.59,231.06,224.66,207.47,196.25,187.35,179.95,168.98,164.13,162.5,156.6,153.64,150.29,144.08,150.39,149.28,146.15,143.41,141.99,142.87,141.85,136.47,142.84,134.99,126.67,114.94,108.08,102.82,100.74,100.96
TKM,Turkmenistan,Climate Watch,Total including LUCF,All GHG,MtCO₂e,215.05,206.61,192.51,227.5,198.83,195.12,191.65,197.89,189.54,192.51,184.68,176.64,146.78,132.0,172.71,166.27,153.11,153.08,148.72,141.52,125.97,117.23,114.52,90.89,72.59,70.18,84.37,86.65,85.95,105.73,96.73,138.58,146.72
MMR,Myanmar,Climate Watch,Total including LUCF,All GHG,MtCO₂e,209.17,218.66,226.11,216.71,216.34,238.57,224.87,232.19,225.98,218.29,215.9,206.79,237.39,232.0,221.06,236.01,224.76,220.8,230.79,216.3,202.17,202.37,223.16,226.19,221.09,214.67,216.9,221.14,217.99,215.19,212.52,209.69,210.34
ETH,Ethiopia,Climate Watch,Total including LUCF,All GHG,MtCO₂e,209.07,208.18,213.61,205.66,194.02,190.61,187.72,181.11,177.44,171.09,166.45,160.5,159.96,154.64,150.47,146.68,135.83,130.55,126.69,124.11,125.39,116.94,109.44,112.87,111.78,105.79,101.53,98.42,97.33,95.89,101.55,100.4,99.69
PER,Peru,Climate Watch,Total including LUCF,All GHG,MtCO₂e,199.36,194.57,181.47,191.92,188.72,188.39,191.03,187.62,186.18,182.18,180.2,180.35,152.3,147.62,143.48,138.52,134.55,135.25,133.56,129.62,129.65,127.75,124.62,123.98,119.86,118.69,117.77,114.1,109.21,106.89,105.81,105.19,106.41
UZB,Uzbekistan,Climate Watch,Total including LUCF,All GHG,MtCO₂e,186.78,194.52,181.19,174.61,170.47,172.92,167.24,158.65,164.1,172.18,173.33,188.2,176.77,165.59,178.53,169.5,173.68,162.82,168.74,165.0,172.88,166.44,174.58,167.42,167.29,150.42,150.01,147.96,157.75,162.04,159.37,170.6,169.26
TZA,Tanzania,Climate Watch,Total including LUCF,All GHG,MtCO₂e,175.73,175.78,171.41,169.45,163.94,165.13,165.95,152.36,144.71,144.27,143.23,138.74,136.43,132.58,130.61,127.47,125.36,131.16,123.84,124.79,115.81,109.14,103.57,105.85,105.47,101.0,101.26,108.51,104.23,102.41,101.53,101.33,100.97
UKR,Ukraine,Climate Watch,Total including LUCF,All GHG,MtCO₂e,168.66,233.56,240.01,247.07,258.96,245.99,279.22,263.37,326.32,369.8,372.95,380.82,347.05,328.51,385.84,396.45,383.22,374.63,385.99,412.44,388.24,383.08,358.29,369.03,374.39,401.7,424.81,494.65,521.76,620.36,709.87,799.89,852.48
NLD,Netherlands,Climate Watch,Total including LUCF,All GHG,MtCO₂e,152.97,165.85,162.43,178.96,184.51,190.39,194.31,193.54,184.84,192.27,193.48,195.21,208.09,197.47,202.47,205.18,205.78,210.48,216.15,214.47,214.61,214.94,214.17,216.19,228.31,228.12,236.22,225.44,222.6,222.42,218.07,218.68,213.73
KWT,Kuwait,Climate Watch,Total including LUCF,All GHG,MtCO₂e,149.05,143.17,135.42,139.66,140.36,136.14,137.23,131.07,126.96,127.47,123.52,119.55,111.79,109.07,109.55,102.5,104.54,100.69,91.34,85.78,79.73,77.96,75.18,67.6,65.13,60.52,57.79,57.9,58.21,50.18,34.35,10.88,41.22
BOL,Bolivia,Climate Watch,Total including LUCF,All GHG,MtCO₂e,135.79,136.95,131.63,139.33,126.57,126.16,128.05,117.22,113.58,113.41,113.83,113.51,129.0,102.45,104.44,111.0,104.81,103.06,109.13,93.67,97.63,90.89,110.61,120.44,114.77,114.83,112.37,113.16,114.72,115.64,116.92,116.13,114.97
AGO,Angola,Climate Watch,Total including LUCF,All GHG,MtCO₂e,133.68,135.5,133.31,146.59,137.9,154.7,154.61,158.77,152.46,152.6,150.91,150.41,151.19,145.56,142.89,137.08,129.83,132.66,129.94,125.44,118.8,115.98,89.24,95.35,97.53,87.86,88.52,86.1,81.97,79.08,76.48,75.29,74.65
CMR,Cameroon,Climate Watch,Total including LUCF,All GHG,MtCO₂e,130.65,130.03,130.92,129.51,128.49,127.72,128.06,126.96,124.96,123.53,121.68,121.35,129.56,129.24,129.52,129.16,129.15,132.31,129.78,132.76,129.58,129.24,143.69,142.09,143.23,139.18,138.25,136.54,136.87,83.91,86.58,87.0,78.42
SDN,Sudan,Climate Watch,Total including LUCF,All GHG,MtCO₂e,128.12,130.31,128.85,129.58,129.31,128.75,128.95,126.22,122.83,121.94,121.13,119.32,116.87,118.84,117.24,117.05,111.64,112.4,107.32,103.99,101.79,96.55,108.04,107.58,103.29,96.46,88.73,83.32,82.16,77.32,75.36,71.69,70.81
QAT,Qatar,Climate Watch,Total including LUCF,All GHG,MtCO₂e,122.25,116.97,114.85,116.9,114.94,116.03,114.28,112.43,109.02,102.81,102.1,94.19,83.76,74.02,72.26,66.95,59.28,52.83,51.21,47.56,43.65,39.78,40.16,39.25,35.91,34.45,27.41,24.71,23.87,21.41,18.68,19.3,16.28
TCD,Chad,Climate Watch,Total including LUCF,All GHG,MtCO₂e,119.37,115.13,111.71,106.45,103.8,99.29,97.85,95.44,90.05,87.51,85.81,81.61,69.98,65.68,65.26,64.79,62.04,60.14,58.19,54.44,55.2,51.02,46.76,46.67,44.84,40.23,38.56,34.62,33.6,32.59,31.64,30.75,24.33
ZWE,Zimbabwe,Climate Watch,Total including LUCF,All GHG,MtCO₂e,116.95,115.04,113.31,116.08,117.21,115.48,115.77,42.26,40.42,42.29,42.77,46.41,39.77,36.85,36.13,37.97,37.39,38.45,37.79,37.59,39.94,43.21,41.56,47.83,45.44,44.08,44.92,42.87,43.01,43.23,46.73,45.85,45.51
MOZ,Mozambique,Climate Watch,Total including LUCF,All GHG,MtCO₂e,114.7,110.19,107.66,110.75,116.6,112.54,113.36,102.59,104.63,104.58,102.6,96.71,105.76,96.13,101.36,97.84,99.14,100.29,96.02,95.8,90.17,93.7,72.28,74.04,75.12,71.46,73.66,89.38,89.09,88.74,88.0,87.31,87.25
CZE,Czech Republic,Climate Watch,Total including LUCF,All GHG,MtCO₂e,106.4,108.03,102.98,112.12,117.42,118.68,118.62,119.05,117.16,119.86,125.1,128.57,127.89,126.62,132.56,138.0,136.19,135.14,136.65,136.37,133.1,138.66,136.38,124.42,132.93,139.9,142.91,138.89,140.11,146.91,154.29,158.86,175.65
OMN,Oman,Climate Watch,Total including LUCF,All GHG,MtCO₂e,105.61,99.78,93.92,97.68,96.57,92.4,92.0,90.91,86.65,82.95,79.1,70.8,63.48,59.32,56.46,56.83,54.11,46.15,46.27,47.05,45.15,43.53,39.95,35.81,32.89,33.85,32.52,31.55,28.05,25.98,24.45,24.64,20.5
ECU,Ecuador,Climate Watch,Total including LUCF,All GHG,MtCO₂e,103.33,100.79,96.41,103.18,102.56,101.75,102.8,94.81,96.48,94.63,91.48,91.59,103.01,99.31,96.09,94.32,94.8,92.13,90.35,85.2,83.81,84.33,87.02,87.57,90.42,92.19,90.31,86.16,83.68,80.35,78.62,76.17,75.38
LBY,Libya,Climate Watch,Total including LUCF,All GHG,MtCO₂e,102.01,106.03,69.21,104.04,99.81,92.66,74.51,78.11,86.73,99.57,112.41,65.03,114.07,108.21,109.66,105.27,109.07,107.13,99.04,96.31,88.71,88.97,91.89,88.49,89.69,89.7,95.88,93.32,86.01,73.63,67.26,74.2,70.59
ZMB,Zambia,Climate Watch,Total including LUCF,All GHG,MtCO₂e,96.3,93.93,96.54,100.16,98.97,99.86,98.53,99.41,93.52,93.41,93.3,90.16,74.95,65.74,69.46,65.51,63.04,70.3,68.9,67.05,58.35,55.78,47.13,50.55,52.16,50.87,50.35,62.76,62.93,63.62,64.03,63.84,63.44
PRY,Paraguay,Climate Watch,Total including LUCF,All GHG,MtCO₂e,95.11,98.1,97.82,97.6,95.3,96.99,94.2,115.1,114.77,113.02,111.57,110.35,97.23,94.8,92.74,95.26,91.32,91.41,89.97,92.38,91.08,90.38,73.86,78.5,75.39,75.32,74.14,74.35,72.36,72.44,72.23,73.05,76.04
BEL,Belgium,Climate Watch,Total including LUCF,All GHG,MtCO₂e,94.67,102.43,98.87,106.56,107.36,106.59,108.68,107.77,102.87,109.33,109.27,110.34,120.99,114.48,119.58,116.94,121.72,125.73,128.38,130.41,126.98,132.86,130.14,129.77,133.74,131.45,135.39,130.8,130.35,125.73,127.2,129.52,125.56
MAR,Morocco,Climate Watch,Total including LUCF,All GHG,MtCO₂e,91.71,93.2,86.5,90.76,84.19,82.81,78.54,80.3,78.07,76.9,76.43,74.66,66.67,63.28,63.68,60.59,59.9,58.41,56.24,50.32,50.34,48.81,44.89,43.75,41.57,40.66,38.75,38.08,37.38,34.26,34.57,33.47,32.2
ISR,Israel,Climate Watch,Total including LUCF,All GHG,MtCO₂e,89.29,85.23,84.29,87.35,84.82,88.4,86.87,87.0,84.91,86.79,95.41,88.81,89.08,83.65,84.17,83.52,80.39,76.14,77.51,76.46,75.65,73.67,73.82,68.93,66.72,65.36,62.33,59.21,55.36,52.02,47.95,45.15,44.08
PRK,North Korea,Climate Watch,Total including LUCF,All GHG,MtCO₂e,86.8,84.07,95.52,99.85,92.93,99.62,61.09,57.58,66.93,62.77,73.64,74.89,91.34,93.1,94.69,86.53,99.42,97.21,93.91,91.37,89.65,93.31,94.76,91.19,86.87,93.89,97.47,109.41,118.3,129.46,139.09,153.63,161.26
BLR,Belarus,Climate Watch,Total including LUCF,All GHG,MtCO₂e,84.22,86.59,86.48,88.92,90.69,87.8,86.29,92.28,96.73,97.49,96.9,95.26,89.49,84.85,87.78,83.71,84.99,81.8,80.99,77.3,76.36,76.82,70.37,72.92,74.86,76.67,76.15,75.33,83.02,96.14,108.91,123.23,128.44
MNG,Mongolia,Climate Watch,Total including LUCF,All GHG,MtCO₂e,81.82,78.62,76.07,79.07,75.87,74.0,71.17,68.96,67.58,65.03,62.51,59.14,56.35,59.13,57.99,57.79,55.01,52.07,49.31,49.47,49.71,51.47,54.78,53.59,53.47,53.82,51.62,52.2,51.26,53.07,54.28,56.51,54.28
KEN,Kenya,Climate Watch,Total including LUCF,All GHG,MtCO₂e,80.54,78.41,81.73,74.03,66.11,64.56,66.38,76.89,75.36,72.47,71.85,72.78,78.42,77.08,76.54,75.38,58.81,58.26,57.89,55.23,54.07,53.11,34.41,35.34,33.37,32.06,32.23,32.78,32.43,32.03,32.2,32.16,33.37
KHM,Cambodia,Climate Watch,Total including LUCF,All GHG,MtCO₂e,77.37,80.45,79.06,75.78,72.56,72.07,69.8,103.55,101.52,100.54,100.07,102.54,37.52,38.5,37.16,37.41,36.36,32.5,34.04,33.02,30.51,27.37,27.37,29.02,29.41,25.87,24.51,28.46,24.93,26.1,25.29,24.76,25.06
ROU,Romania,Climate Watch,Total including LUCF,All GHG,MtCO₂e,76.86,81.43,75.74,82.42,84.05,82.8,79.71,-180.76,-183.01,-182.35,-173.04,-170.67,107.13,110.15,126.15,128.27,131.03,127.61,128.18,130.33,125.47,128.09,126.59,122.66,138.54,154.86,166.88,163.35,157.8,162.25,173.25,193.55,233.16
GRC,Greece,Climate Watch,Total including LUCF,All GHG,MtCO₂e,72.07,72.23,70.49,79.93,85.41,88.14,88.53,89.81,91.55,94.63,102.3,106.75,107.34,114.21,120.8,125.28,121.3,122.84,120.81,120.75,117.54,117.26,116.89,111.09,110.19,105.99,104.91,103.83,99.4,96.78,96.42,94.35,94.28
SGP,Singapore,Climate Watch,Total including LUCF,All GHG,MtCO₂e,69.59,67.38,64.25,64.95,64.23,65.77,62.69,62.33,60.61,59.44,58.54,58.94,55.9,52.14,51.58,51.28,50.0,49.57,52.29,50.83,53.98,54.74,54.82,49.97,48.75,49.41,49.32,47.93,46.62,43.09,36.63,34.0,30.86
NZL,New Zealand,Climate Watch,Total including LUCF,All GHG,MtCO₂e,67.54,70.43,70.24,73.02,71.88,72.91,71.28,66.56,67.19,66.58,67.06,64.47,58.86,58.73,61.63,61.6,62.8,62.65,61.25,61.81,59.29,58.08,52.3,52.1,49.83,51.5,49.09,48.7,47.39,45.88,46.68,45.87,46.22
IRL,Ireland,Climate Watch,Total including LUCF,All GHG,MtCO₂e,67.44,68.96,66.39,68.53,70.58,72.89,73.74,71.38,69.55,69.24,70.1,68.68,72.75,74.0,79.39,80.49,82.02,81.43,80.17,80.99,80.12,81.54,78.98,75.78,74.1,70.81,69.45,68.12,67.34,65.92,65.27,65.11,64.59
SSD,South Sudan,Climate Watch,Total including LUCF,All GHG,MtCO₂e,63.82,66.86,70.79,61.38,70.74,64.13,66.48,62.81,62.9,61.15,61.03,76.15,79.72,80.42,78.47,77.49,73.37,74.45,71.03,68.4,65.68,61.69,67.48,65.56,62.07,56.44,51.11,46.27,45.48,43.51,41.63,39.24,38.38
AUT,Austria,Climate Watch,Total including LUCF,All GHG,MtCO₂e,63.27,67.22,64.2,69.74,68.66,71.77,69.85,69.55,68.27,72.03,71.42,74.86,77.58,71.79,78.98,79.23,82.18,84.39,84.34,83.45,78.52,77.02,65.4,65.17,66.99,67.02,67.99,64.27,61.79,61.72,61.79,67.61,63.33
SRB,Serbia,Climate Watch,Total including LUCF,All GHG,MtCO₂e,62.59,61.0,63.02,61.87,61.73,63.42,63.03,58.81,52.48,60.36,59.66,64.48,27.41,27.89,30.6,32.53,33.57,31.36,39.07,33.76,30.71,27.35,57.71,55.7,73.19,73.44,68.53,60.9,54.36,58.06,63.86,69.09,79.56
UGA,Uganda,Climate Watch,Total including LUCF,All GHG,MtCO₂e,61.17,61.39,59.48,58.27,58.83,57.47,57.19,55.67,53.86,52.58,52.34,50.5,50.02,48.35,47.89,41.41,38.64,39.94,37.88,37.8,36.01,35.17,35.6,35.78,35.94,34.49,33.07,32.17,31.46,31.73,31.33,30.99,30.45
CIV,Côte d'Ivoire,Climate Watch,Total including LUCF,All GHG,MtCO₂e,60.58,58.79,53.95,53.2,51.92,52.4,51.66,50.34,50.17,50.19,48.79,47.06,47.11,47.2,48.68,49.19,49.71,50.65,49.29,50.38,53.09,53.02,87.41,87.37,85.2,84.43,82.67,81.63,80.71,77.85,75.14,72.47,69.73
FIN,Finland,Climate Watch,Total including LUCF,All GHG,MtCO₂e,59.63,62.03,61.96,66.91,69.82,68.4,70.98,6.94,10.43,14.44,13.69,19.28,66.76,58.6,62.02,70.22,72.19,60.54,72.83,76.6,68.28,65.89,44.7,45.78,46.25,49.81,51.69,45.22,49.17,42.53,41.29,44.39,44.5
BWA,Botswana,Climate Watch,Total including LUCF,All GHG,MtCO₂e,59.57,62.72,53.96,52.19,54.98,56.47,52.51,53.71,54.22,55.53,55.03,69.77,63.87,51.92,61.97,52.58,54.11,52.17,50.61,50.16,58.26,57.9,55.09,55.44,55.44,55.74,56.18,55.31,54.42,54.18,54.52,54.26,54.83
BFA,Burkina Faso,Climate Watch,Total including LUCF,All GHG,MtCO₂e,59.22,59.11,53.42,57.23,56.29,55.33,54.3,34.43,33.14,32.64,31.84,31.14,41.18,39.53,38.84,37.93,37.24,37.25,36.59,35.92,32.52,31.79,29.92,28.57,28.68,27.83,27.26,26.11,25.72,25.27,25.02,24.73,24.29
HUN,Hungary,Climate Watch,Total including LUCF,All GHG,MtCO₂e,58.65,62.56,61.34,63.11,63.29,63.52,61.49,60.18,57.25,56.96,59.32,63.19,64.87,64.91,70.75,72.13,74.3,75.02,75.71,76.88,74.14,75.78,72.88,75.86,75.07,75.15,76.84,74.62,76.31,76.59,76.12,86.01,91.05
SYR,Syria,Climate Watch,Total including LUCF,All GHG,MtCO₂e,57.99,59.14,58.36,57.69,55.72,53.31,47.92,50.31,54.56,60.04,96.88,144.78,154.24,155.52,161.04,160.42,159.94,161.09,155.26,182.46,186.14,176.58,170.79,173.97,174.02,170.25,171.48,172.75,165.23,161.23,151.7,137.67,118.16
CAF,Central African Republic,Climate Watch,Total including LUCF,All GHG,MtCO₂e,57.56,56.29,55.56,55.21,57.39,56.49,62.27,52.88,52.07,55.62,57.78,61.69,58.04,48.82,61.36,63.19,59.32,62.11,53.8,64.46,49.07,54.7,44.22,43.0,46.74,41.53,38.24,51.97,51.84,49.34,49.29,49.24,48.93
AZE,Azerbaijan,Climate Watch,Total including LUCF,All GHG,MtCO₂e,56.91,54.46,52.1,54.05,52.19,50.83,51.56,50.23,50.42,49.32,48.09,45.13,43.88,45.01,48.99,44.43,44.94,42.21,38.86,38.81,36.1,36.03,36.93,35.14,34.8,34.15,34.58,40.0,40.89,62.0,84.19,75.42,78.12
BHR,Bahrain,Climate Watch,Total including LUCF,All GHG,MtCO₂e,56.76,54.72,53.79,53.6,50.27,49.56,48.67,48.09,47.35,45.32,42.54,40.96,40.25,38.29,37.56,35.14,33.98,31.55,28.35,28.19,27.16,25.97,25.17,24.07,23.51,21.79,20.82,19.58,18.85,18.46,17.52,15.36,15.68
PNG,Papua New Guinea,Climate Watch,Total including LUCF,All GHG,MtCO₂e,54.53,54.33,54.04,53.04,52.96,51.89,51.82,52.18,49.42,47.8,46.61,45.93,37.87,37.87,37.68,38.12,38.18,38.17,39.64,38.49,38.53,37.79,38.03,37.0,36.17,49.87,35.38,35.84,32.79,31.91,30.84,29.8,28.79
PRT,Portugal,Climate Watch,Total including LUCF,All GHG,MtCO₂e,54.14,53.82,56.02,61.95,66.97,71.81,66.8,66.71,62.59,63.03,64.7,66.4,68.72,74.09,74.86,77.11,78.52,83.89,80.46,78.98,83.25,78.61,80.19,80.66,73.96,68.76,66.45,68.07,64.3,62.39,63.48,59.43,57.71
NPL,Nepal,Climate Watch,Total including LUCF,All GHG,MtCO₂e,53.44,57.01,55.21,52.88,52.99,50.67,50.53,43.28,44.37,43.23,41.49,41.62,33.47,31.84,30.13,28.91,28.07,28.79,27.94,27.93,26.44,27.24,29.31,28.96,27.61,26.81,26.29,26.28,25.46,24.02,23.95,23.15,23.27
NER,Niger,Climate Watch,Total including LUCF,All GHG,MtCO₂e,52.67,50.22,47.78,45.64,43.65,41.69,40.23,38.5,37.26,35.51,33.38,31.22,30.35,30.21,28.85,27.6,26.36,25.4,24.48,23.59,22.67,21.87,25.56,25.55,24.93,23.97,23.05,22.24,21.63,21.1,20.42,19.9,19.41
CHL,Chile,Climate Watch,Total including LUCF,All GHG,MtCO₂e,51.89,50.49,49.26,56.06,49.89,51.3,48.93,21.54,15.48,22.9,19.7,17.25,55.56,50.32,52.6,48.32,40.55,39.53,38.92,33.73,32.78,32.36,53.31,57.31,54.42,53.4,46.22,39.8,36.1,32.03,29.33,27.74,28.87
MLI,Mali,Climate Watch,Total including LUCF,All GHG,MtCO₂e,47.22,48.2,46.81,44.53,42.46,41.01,39.95,35.57,34.15,33.21,32.11,31.26,30.35,28.52,28.18,26.8,25.78,25.46,24.61,22.3,21.69,21.34,24.16,24.86,23.8,19.59,18.76,18.33,17.95,17.67,17.43,17.35,17.41
SLB,Solomon Islands,Climate Watch,Total including LUCF,All GHG,MtCO₂e,46.35,46.34,46.32,46.3,46.28,46.24,46.21,-17.04,-17.02,-16.99,-17.04,-17.06,2.43,2.41,2.39,2.37,2.35,2.33,2.31,2.28,2.27,2.25,4.45,4.43,4.42,4.4,4.39,4.37,4.36,4.34,4.32,4.31,4.29
DOM,Dominican Republic,Climate Watch,Total including LUCF,All GHG,MtCO₂e,45.24,42.59,39.6,40.96,38.08,35.58,36.31,35.46,33.04,32.7,32.95,32.16,31.02,29.66,30.18,30.04,28.85,26.92,25.59,26.31,28.65,26.23,20.14,19.43,18.83,16.81,15.13,14.23,13.73,11.76,11.27,9.81,8.71
LAO,Laos,Climate Watch,Total including LUCF,All GHG,MtCO₂e,45.12,45.24,44.55,41.52,40.62,40.32,39.15,30.65,25.94,25.69,24.6,22.48,30.17,26.02,24.64,29.8,23.99,25.2,28.15,23.3,22.7,21.43,20.89,20.46,21.78,20.06,20.39,20.43,20.37,20.01,20.0,19.69,19.76
MDG,Madagascar,Climate Watch,Total including LUCF,All GHG,MtCO₂e,43.22,42.45,41.79,42.18,40.56,42.12,42.57,40.46,39.55,39.02,39.68,39.11,51.01,50.31,49.14,50.48,49.04,50.56,46.19,47.36,44.71,47.3,54.92,56.2,56.52,55.31,55.91,55.3,54.64,55.01,54.61,54.33,54.28
SOM,Somalia,Climate Watch,Total including LUCF,All GHG,MtCO₂e,43.21,43.29,43.45,43.31,43.25,43.08,43.14,43.11,43.05,42.91,42.8,42.5,42.35,42.14,42.11,42.09,43.19,44.46,44.02,43.72,43.49,43.1,42.56,42.38,42.31,42.47,42.08,41.63,40.97,39.03,37.05,39.01,41.94
GTM,Guatemala,Climate Watch,Total including LUCF,All GHG,MtCO₂e,42.7,43.77,41.01,42.26,40.97,39.09,39.55,42.27,39.15,38.13,36.75,36.02,41.38,41.61,39.74,41.1,39.19,40.27,37.57,39.11,36.8,35.04,38.41,36.14,37.19,33.53,33.24,32.96,31.9,31.73,31.12,29.88,29.52
GIN,Guinea,Climate Watch,Total including LUCF,All GHG,MtCO₂e,42.58,40.65,41.09,39.73,37.93,38.08,37.64,33.97,33.3,32.89,32.75,31.43,30.1,27.82,27.4,26.71,26.37,25.99,24.54,24.58,24.24,23.13,22.21,21.77,22.2,20.74,20.3,20.78,20.37,19.96,19.6,19.27,18.95
DNK,Denmark,Climate Watch,Total including LUCF,All GHG,MtCO₂e,42.51,44.29,42.91,45.2,48.79,49.24,51.54,47.04,49.06,53.23,51.73,56.78,64.05,63.77,66.58,70.14,74.89,67.16,70.88,77.16,71.62,72.33,70.96,74.82,77.7,81.71,91.51,78.08,81.2,77.56,74.96,81.14,70.32
CHE,Switzerland,Climate Watch,Total including LUCF,All GHG,MtCO₂e,40.67,44.05,42.33,44.76,44.98,46.22,47.2,46.72,47.5,51.3,50.27,48.97,52.94,51.33,52.78,51.16,53.09,53.37,52.65,52.17,50.95,52.62,51.87,52.62,52.49,50.93,52.39,51.77,50.85,51.74,54.11,54.18,51.95
NIC,Nicaragua,Climate Watch,Total including LUCF,All GHG,MtCO₂e,39.62,39.35,38.96,38.97,38.51,38.65,38.76,29.86,28.94,27.99,27.71,27.35,38.88,38.47,38.42,38.53,38.36,38.21,37.65,38.21,37.07,36.62,32.5,31.94,31.38,30.42,29.58,29.58,30.2,29.88,29.21,28.3,29.66
SEN,Senegal,Climate Watch,Total including LUCF,All GHG,MtCO₂e,39.49,37.72,35.44,34.42,33.35,32.83,32.56,30.32,29.63,28.91,27.75,28.17,29.06,28.04,27.31,26.34,26.2,25.63,24.93,22.89,23.59,23.91,25.05,25.07,22.87,21.67,21.17,19.62,19.34,19.01,18.76,18.32,18.02
TUN,Tunisia,Climate Watch,Total including LUCF,All GHG,MtCO₂e,39.33,40.22,38.28,38.68,39.13,38.8,38.24,46.84,46.93,45.33,44.69,42.33,38.4,36.28,35.89,35.6,33.8,32.68,32.0,30.49,30.5,30.42,29.98,28.79,27.71,26.35,25.84,24.23,24.0,24.45,24.19,22.9,22.21
LKA,Sri Lanka,Climate Watch,Total including LUCF,All GHG,MtCO₂e,36.49,38.64,38.59,38.82,36.26,36.88,37.86,33.11,30.82,28.2,31.15,29.36,29.0,27.69,28.45,28.16,27.23,28.78,26.8,26.67,25.45,24.68,27.05,27.83,28.45,30.97,32.93,32.99,32.94,32.18,31.87,30.1,30.25
URY,Uruguay,Climate Watch,Total including LUCF,All GHG,MtCO₂e,36.28,37.3,34.3,35.05,34.65,34.81,35.57,30.17,30.28,30.78,31.78,30.95,26.31,28.71,29.14,26.56,27.59,25.45,25.28,23.37,22.48,22.17,19.3,21.17,20.12,20.52,20.81,19.48,19.28,19.4,18.87,17.26,15.65
JOR,Jordan,Climate Watch,Total including LUCF,All GHG,MtCO₂e,36.08,34.11,32.85,34.72,36.1,36.93,35.17,35.05,34.69,32.49,32.28,28.4,27.52,27.76,27.0,27.65,26.38,25.64,24.07,22.6,22.02,21.19,21.04,20.47,21.4,22.23,22.73,23.49,23.89,22.77,22.01,19.15,18.72
SVK,Slovakia,Climate Watch,Total including LUCF,All GHG,MtCO₂e,35.3,37.98,34.96,37.01,39.03,39.63,37.71,30.29,29.78,32.55,31.91,34.24,34.96,33.17,36.81,36.78,37.73,38.17,37.35,38.04,37.78,38.23,36.59,39.21,40.66,41.81,41.95,41.94,41.36,44.04,46.67,49.2,57.28
SWE,Sweden,Climate Watch,Total including LUCF,All GHG,MtCO₂e,34.05,36.8,34.55,35.81,36.26,38.26,38.44,33.47,33.51,34.69,36.46,39.23,54.21,48.44,52.22,53.36,55.3,56.8,60.4,61.72,60.64,59.25,73.95,77.84,79.09,78.24,84.44,78.84,79.22,77.39,77.41,74.84,74.24
AFG,Afghanistan,Climate Watch,Total including LUCF,All GHG,MtCO₂e,32.89,33.0,34.31,33.21,32.87,31.67,30.82,31.23,30.83,30.16,30.69,32.2,28.71,24.44,21.47,18.34,17.39,16.76,15.69,16.07,15.38,12.73,11.82,13.59,12.67,11.83,10.84,9.79,9.34,9.29,9.16,9.51,9.24
NOR,Norway,Climate Watch,Total including LUCF,All GHG,MtCO₂e,31.5,32.11,31.8,33.2,34.45,34.95,35.11,35.78,34.98,34.98,34.28,34.64,31.85,29.63,30.56,30.08,29.73,29.39,30.38,30.07,28.02,28.5,36.04,41.62,39.61,38.33,36.61,36.52,36.65,34.76,32.34,32.17,34.82
COG,Congo,Climate Watch,Total including LUCF,All GHG,MtCO₂e,31.25,29.0,30.1,30.81,29.59,26.74,26.28,25.56,24.87,25.38,24.52,26.61,26.32,24.23,22.96,22.37,24.93,23.16,21.18,20.51,18.99,21.16,21.8,21.68,21.07,19.69,18.92,18.75,17.98,18.99,19.41,19.05,19.05
CUB,Cuba,Climate Watch,Total including LUCF,All GHG,MtCO₂e,30.09,32.59,29.74,34.23,38.85,38.48,39.68,32.08,30.1,32.19,31.87,30.84,33.33,32.15,31.24,31.91,31.06,30.11,30.07,30.72,31.61,32.73,33.14,32.74,32.3,32.76,30.53,27.84,26.69,25.27,28.7,34.83,44.01
HND,Honduras,Climate Watch,Total including LUCF,All GHG,MtCO₂e,29.36,29.08,29.31,28.77,27.73,27.41,28.49,29.52,28.61,28.46,27.68,27.73,24.73,24.75,24.72,24.44,23.65,23.36,22.33,23.04,19.98,19.5,19.48,18.89,20.31,19.75,19.24,19.75,18.98,18.29,18.49,18.18,18.06
YEM,Yemen,Climate Watch,Total including LUCF,All GHG,MtCO₂e,28.06,28.85,28.86,29.81,28.22,24.59,23.19,29.07,54.84,58.82,49.38,55.42,63.76,63.02,60.77,62.17,63.82,64.69,62.56,63.2,60.19,60.11,58.53,53.32,49.49,47.84,45.31,44.62,43.08,32.5,29.33,29.19,27.26
BEN,Benin,Climate Watch,Total including LUCF,All GHG,MtCO₂e,26.46,25.77,27.47,27.24,26.77,25.47,25.29,23.57,23.12,22.59,21.87,21.89,21.75,21.52,20.86,21.15,20.41,20.1,18.94,18.81,18.8,17.75,23.34,23.18,23.24,22.18,21.8,20.1,20.3,20.03,19.98,19.89,19.78
TTO,Trinidad and Tobago,Climate Watch,Total including LUCF,All GHG,MtCO₂e,24.33,23.37,25.42,27.53,27.87,28.03,27.82,31.28,32.14,32.15,31.21,31.65,30.63,28.0,29.02,29.22,28.66,25.27,23.24,22.23,18.55,16.9,15.25,14.44,14.06,13.75,13.36,12.3,12.74,16.53,21.18,21.33,21.45
BIH,Bosnia and Herzegovina,Climate Watch,Total including LUCF,All GHG,MtCO₂e,24.0,24.0,24.34,24.37,26.1,26.1,25.82,21.26,21.04,23.54,23.77,25.56,26.49,26.46,26.4,24.28,23.17,21.29,20.53,19.47,18.94,18.78,22.12,18.34,18.38,15.56,10.66,9.62,9.71,20.1,23.56,30.87,33.59
PAN,Panama,Climate Watch,Total including LUCF,All GHG,MtCO₂e,23.98,23.22,21.74,25.06,21.67,21.64,22.04,21.82,21.88,21.37,21.4,20.84,19.72,18.69,16.98,17.19,17.15,16.63,15.01,15.08,14.82,15.61,15.78,15.82,16.69,15.61,15.68,15.68,15.49,15.2,14.96,14.28,13.78
LTU,Lithuania,Climate Watch,Total including LUCF,All GHG,MtCO₂e,23.67,24.48,24.12,24.12,24.0,23.92,24.01,18.55,18.29,18.79,19.68,19.76,26.39,25.59,29.18,29.75,28.73,28.6,27.47,26.54,26.37,26.02,26.09,27.79,30.55,29.66,29.89,29.11,30.68,32.72,38.62,53.44,51.69
NAM,Namibia,Climate Watch,Total including LUCF,All GHG,MtCO₂e,22.12,24.4,23.38,20.72,21.7,22.54,22.47,21.67,21.4,22.21,29.6,28.05,22.81,24.07,20.98,22.5,23.25,21.91,21.1,20.6,20.0,21.16,21.38,20.6,20.57,19.86,20.02,20.08,19.98,19.78,19.81,19.85,N/A
GAB,Gabon,Climate Watch,Total including LUCF,All GHG,MtCO₂e,21.52,20.83,21.38,21.69,20.67,21.39,22.73,22.53,22.09,21.75,21.61,21.99,18.73,17.89,18.07,17.39,18.1,19.48,19.89,20.18,18.81,19.47,20.01,20.64,21.69,20.64,20.74,19.76,18.52,17.41,17.23,17.19,16.06
MWI,Malawi,Climate Watch,Total including LUCF,All GHG,MtCO₂e,21.29,20.76,20.82,20.15,19.13,17.27,17.17,16.72,16.33,15.75,15.65,15.12,15.16,13.96,14.14,13.56,13.0,13.06,12.74,12.89,12.39,12.05,11.95,11.96,11.94,11.69,11.77,11.74,11.53,11.92,11.78,11.78,11.6
BGR,Bulgaria,Climate Watch,Total including LUCF,All GHG,MtCO₂e,19.78,18.18,12.58,17.68,19.5,22.72,20.58,45.13,42.43,39.85,45.0,50.75,33.42,31.77,39.26,41.67,37.47,37.52,37.53,38.77,33.91,36.59,36.03,36.58,43.39,46.98,50.06,49.49,48.27,52.22,53.66,59.48,76.47
GUY,Guyana,Climate Watch,Total including LUCF,All GHG,MtCO₂e,19.71,18.64,18.72,17.83,17.49,17.36,17.24,19.95,19.85,19.62,19.47,19.22,11.52,11.25,11.22,11.08,10.77,10.96,11.32,11.04,10.76,10.85,10.11,10.43,10.45,10.3,10.02,9.76,9.06,8.76,7.96,7.97,7.89
GEO,Georgia,Climate Watch,Total including LUCF,All GHG,MtCO₂e,19.17,17.95,17.32,17.52,16.96,17.38,17.52,17.22,16.93,16.17,15.18,14.3,9.67,9.84,9.55,10.29,9.41,8.9,8.33,8.25,7.72,8.27,-4.02,-4.43,-4.18,-3.7,-2.88,-1.38,1.7,8.83,14.36,21.85,31.29
TJK,Tajikistan,Climate Watch,Total including LUCF,All GHG,MtCO₂e,18.59,18.14,17.85,17.31,15.91,14.51,13.43,12.02,11.42,9.88,9.46,8.66,8.44,8.35,8.67,8.3,7.58,7.09,7.02,6.47,6.32,6.29,6.65,7.02,7.51,7.59,7.35,7.99,8.6,11.1,14.01,16.93,17.81
LBN,Lebanon,Climate Watch,Total including LUCF,All GHG,MtCO₂e,18.18,24.3,29.23,34.14,34.29,35.77,33.98,32.88,30.73,28.54,28.56,25.92,25.31,26.22,22.8,18.98,20.03,20.96,21.54,20.98,20.29,20.31,18.99,20.16,19.18,18.82,16.6,15.56,13.26,12.31,8.91,8.84,7.34
HRV,Croatia,Climate Watch,Total including LUCF,All GHG,MtCO₂e,17.96,17.72,17.04,17.95,17.86,18.98,18.33,21.11,20.5,21.3,22.39,24.39,25.32,25.88,28.44,29.25,27.73,27.02,27.06,27.34,26.22,25.19,24.31,25.32,24.95,25.06,24.23,24.28,22.99,22.98,22.28,21.47,27.74
GHA,Ghana,Climate Watch,Total including LUCF,All GHG,MtCO₂e,17.82,17.05,16.9,12.43,10.69,9.48,6.3,60.56,58.92,59.35,57.05,55.24,69.44,67.81,66.66,66.97,66.77,65.51,63.41,64.29,63.8,62.7,28.8,29.26,30.54,26.87,25.61,24.43,23.99,23.65,23.45,22.99,22.89
EST,Estonia,Climate Watch,Total including LUCF,All GHG,MtCO₂e,17.62,16.05,14.8,17.81,23.48,24.5,23.59,14.13,17.25,18.55,16.62,18.1,22.96,18.42,21.85,24.12,20.4,21.06,21.18,20.96,19.07,19.47,19.19,19.63,20.22,21.52,21.93,21.12,23.18,23.21,28.52,37.91,40.86
SVN,Slovenia,Climate Watch,Total including LUCF,All GHG,MtCO₂e,15.51,15.9,15.63,16.87,17.31,17.44,17.26,13.47,13.38,14.88,15.51,16.12,7.28,6.99,8.96,7.99,8.02,7.68,7.43,7.23,7.26,7.18,8.38,8.58,9.23,9.49,9.03,8.23,7.4,7.35,6.61,6.89,7.9
LBR,Liberia,Climate Watch,Total including LUCF,All GHG,MtCO₂e,15.29,15.22,15.24,15.66,14.97,15.06,15.04,16.22,15.43,15.16,15.16,15.05,14.87,15.6,14.6,14.6,14.83,14.5,14.44,14.41,14.26,14.23,14.24,14.2,14.3,14.22,14.17,14.26,14.26,14.26,14.28,14.25,14.36
SLV,El Salvador,Climate Watch,Total including LUCF,All GHG,MtCO₂e,14.26,13.55,12.4,13.73,12.88,12.49,13.35,13.42,12.97,12.74,13.51,13.34,13.47,13.72,14.08,14.61,14.1,13.59,13.18,12.81,12.22,11.98,11.33,12.21,11.99,11.87,11.01,11.06,10.79,10.18,9.7,9.28,8.49
KGZ,Kyrgyzstan,Climate Watch,Total including LUCF,All GHG,MtCO₂e,14.24,14.15,12.89,13.66,14.85,12.72,12.9,15.87,15.53,14.9,15.41,12.79,12.09,12.38,12.73,11.64,10.43,10.31,10.62,10.47,9.84,8.87,8.44,8.52,9.9,9.67,9.79,8.89,11.58,16.72,21.52,29.07,31.35
MRT,Mauritania,Climate Watch,Total including LUCF,All GHG,MtCO₂e,13.97,13.94,13.49,13.1,12.55,12.14,11.33,13.16,12.45,11.87,11.94,11.46,11.34,10.9,10.2,10.91,11.05,10.07,9.91,9.89,9.71,9.66,9.51,9.08,8.59,8.24,7.94,7.4,7.31,7.41,7.22,7.36,7.15
SUR,Suriname,Climate Watch,Total including LUCF,All GHG,MtCO₂e,13.85,13.67,13.56,13.59,13.01,13.37,13.88,12.48,12.39,11.99,12.13,11.65,7.12,6.77,6.64,6.46,6.56,6.62,6.4,6.08,5.86,6.43,6.02,6.7,6.66,6.61,6.62,6.51,6.42,6.38,6.36,6.26,5.9
MDA,Moldova,Climate Watch,Total including LUCF,All GHG,MtCO₂e,12.51,14.08,13.18,13.65,13.47,12.93,12.94,12.18,11.95,11.32,12.15,12.45,11.73,10.82,11.5,11.63,11.41,11.75,11.44,11.46,10.86,10.72,11.19,12.04,13.4,14.87,16.54,18.33,20.37,23.46,26.89,31.82,37.87
GNQ,Equatorial Guinea,Climate Watch,Total including LUCF,All GHG,MtCO₂e,11.97,12.11,12.76,12.71,13.31,13.73,14.74,15.52,16.4,15.07,15.36,15.21,16.02,15.65,17.66,18.48,17.93,18.02,17.46,13.53,12.28,12.56,10.07,10.79,9.06,7.85,6.3,5.93,5.77,5.64,5.5,4.3,4.1
HTI,Haiti,Climate Watch,Total including LUCF,All GHG,MtCO₂e,11.97,11.94,11.86,12.09,12.14,11.96,11.92,11.67,11.32,10.89,10.61,10.79,9.86,9.29,9.24,9.16,8.73,8.64,8.52,8.64,8.59,8.31,8.13,7.62,7.47,7.32,6.88,6.58,5.78,6.28,6.63,6.21,5.97
BRN,Brunei,Climate Watch,Total including LUCF,All GHG,MtCO₂e,11.7,12.32,12.32,9.9,10.1,9.8,9.37,8.71,9.5,9.55,9.77,9.83,10.5,11.21,11.45,10.56,11.09,8.38,8.53,9.07,7.92,7.92,7.99,7.55,11.82,8.46,7.84,7.71,7.34,7.04,6.59,6.28,6.06
LVA,Latvia,Climate Watch,Total including LUCF,All GHG,MtCO₂e,11.07,11.72,11.55,12.19,12.34,11.79,11.85,12.15,12.1,12.2,12.28,12.46,1.94,0.75,1.52,1.81,1.35,0.78,0.58,0.55,0.25,0.2,0.88,1.41,1.95,2.34,2.89,2.89,4.46,7.43,10.6,13.3,15.03
ARM,Armenia,Climate Watch,Total including LUCF,All GHG,MtCO₂e,10.89,10.64,10.09,9.52,9.49,9.29,9.45,9.08,9.05,9.06,9.12,8.13,7.69,7.87,9.01,8.49,7.84,7.44,6.71,6.32,5.9,6.22,6.12,5.74,6.27,6.31,5.61,6.7,6.13,8.65,14.81,25.11,24.5
TGO,Togo,Climate Watch,Total including LUCF,All GHG,MtCO₂e,10.87,10.2,10.02,9.23,8.84,8.39,8.74,8.27,7.48,7.97,8.03,8.42,7.91,8.09,6.57,6.23,6.54,7.06,6.18,6.4,5.74,5.31,7.45,7.94,7.49,6.52,6.76,6.13,6.16,5.89,6.01,6.31,6.47
MKD,North Macedonia,Climate Watch,Total including LUCF,All GHG,MtCO₂e,10.45,9.71,9.75,10.9,10.01,10.53,10.03,10.15,10.42,10.79,11.71,12.14,11.25,11.37,12.06,12.27,11.77,11.77,11.48,11.68,10.91,11.51,11.5,11.83,12.76,12.01,13.17,11.6,11.99,12.45,12.44,13.23,13.9
SLE,Sierra Leone,Climate Watch,Total including LUCF,All GHG,MtCO₂e,10.2,10.44,9.39,9.26,10.29,9.78,9.83,9.91,9.82,9.44,9.28,8.42,7.95,7.9,7.62,7.82,8.6,7.48,7.36,7.09,6.5,6.08,5.89,5.9,6.16,6.07,6.06,6.36,6.5,6.54,6.47,6.48,6.49
RWA,Rwanda,Climate Watch,Total including LUCF,All GHG,MtCO₂e,9.55,9.19,9.07,8.89,8.71,8.48,8.26,8.44,7.75,7.76,7.55,7.36,8.33,8.03,7.87,7.63,7.47,7.16,7.29,7.19,7.09,6.87,6.93,7.7,7.41,7.5,6.73,6.42,5.54,5.84,5.92,5.99,6.01
JAM,Jamaica,Climate Watch,Total including LUCF,All GHG,MtCO₂e,9.29,8.22,7.61,10.18,10.39,8.97,9.27,8.84,8.93,9.13,8.68,9.19,6.47,6.85,8.6,11.0,11.08,9.85,9.9,9.99,9.58,9.4,12.26,12.13,11.82,11.26,11.12,10.78,10.44,10.4,10.21,9.39,9.41
CRI,Costa Rica,Climate Watch,Total including LUCF,All GHG,MtCO₂e,8.66,8.31,7.08,8.39,8.41,8.11,7.82,6.99,7.04,7.09,6.59,6.59,12.73,12.58,13.01,12.88,11.48,11.11,10.6,10.6,10.23,10.23,12.83,12.98,13.19,12.47,12.42,12.45,12.86,12.45,12.36,11.22,10.92
CYP,Cyprus,Climate Watch,Total including LUCF,All GHG,MtCO₂e,8.02,8.0,7.88,8.3,8.31,8.49,8.35,7.9,7.82,7.42,8.13,8.64,8.94,9.27,9.45,9.23,8.9,8.76,8.65,8.71,8.03,7.8,8.08,7.82,7.54,7.21,7.13,6.74,6.85,6.6,6.33,5.9,5.37
BDI,Burundi,Climate Watch,Total including LUCF,All GHG,MtCO₂e,7.84,7.64,7.19,7.25,7.6,7.38,6.76,1.43,1.42,1.45,1.03,0.95,5.67,5.38,5.22,5.08,5.01,4.85,4.78,4.73,4.75,4.76,6.88,6.83,6.73,6.69,6.62,6.58,6.42,6.52,6.54,6.54,6.49
ALB,Albania,Climate Watch,Total including LUCF,All GHG,MtCO₂e,7.79,8.55,8.35,8.95,9.43,9.68,8.95,8.56,8.89,8.45,8.22,8.78,8.12,7.68,7.61,7.88,7.8,7.89,8.12,8.05,7.64,7.0,8.42,8.03,6.82,6.59,7.32,7.59,7.75,6.94,6.97,9.01,11.37
LUX,Luxembourg,Climate Watch,Total including LUCF,All GHG,MtCO₂e,7.75,8.89,8.54,10.21,10.03,9.74,9.56,9.89,10.4,10.92,11.43,11.66,11.52,10.93,11.52,11.6,12.18,12.39,12.15,10.7,10.28,9.49,8.89,8.26,7.87,8.54,9.04,8.96,11.1,11.95,11.74,12.04,11.55
ERI,Eritrea,Climate Watch,Total including LUCF,All GHG,MtCO₂e,7.05,6.96,6.89,6.85,6.78,6.65,6.59,6.44,6.43,6.38,6.36,6.29,6.05,6.11,6.06,6.11,5.81,6.0,6.01,6.05,5.91,5.95,6.22,6.1,5.92,6.08,5.58,5.02,4.89,4.7,5.13,4.13,4.11
MUS,Mauritius,Climate Watch,Total including LUCF,All GHG,MtCO₂e,6.81,6.71,6.41,6.82,6.72,6.7,6.51,6.38,6.34,6.13,6.0,5.84,5.88,5.6,5.61,5.5,5.36,4.93,4.74,4.71,4.52,4.5,4.29,3.85,3.32,3.05,2.94,2.77,2.71,2.64,2.48,2.39,2.3
BLZ,Belize,Climate Watch,Total including LUCF,All GHG,MtCO₂e,6.73,6.77,6.87,6.89,6.68,6.74,6.69,6.95,6.71,6.85,6.62,7.18,4.5,4.42,4.29,4.36,4.13,4.13,3.96,4.42,4.12,4.03,7.3,8.28,9.42,10.41,11.41,12.57,13.66,13.54,13.42,13.33,13.11
TLS,East Timor,Climate Watch,Total including LUCF,All GHG,MtCO₂e,6.25,6.16,6.17,6.54,6.51,6.82,7.0,7.18,7.25,7.26,7.38,7.39,7.5,7.2,6.88,6.5,6.21,5.85,4.87,4.09,3.25,2.3,1.34,1.21,1.23,1.15,1.14,1.12,1.1,1.02,0.99,0.99,0.92
GNB,Guinea-Bissau,Climate Watch,Total including LUCF,All GHG,MtCO₂e,4.18,4.05,4.23,4.21,4.12,4.01,4.09,4.44,4.22,4.13,4.43,3.86,3.95,3.78,3.77,3.94,3.92,3.54,3.65,3.76,3.75,3.59,3.28,3.58,3.23,3.01,2.97,3.31,3.28,3.25,3.22,3.18,3.17
LSO,Lesotho,Climate Watch,Total including LUCF,All GHG,MtCO₂e,4.04,4.68,3.38,3.86,3.97,4.24,3.8,3.84,4.05,3.92,4.74,4.69,3.92,3.88,3.76,3.79,3.7,3.73,3.54,3.57,3.49,3.67,3.66,3.72,3.24,3.35,3.23,3.21,3.25,3.25,3.24,3.03,2.98
MNE,Montenegro,Climate Watch,Total including LUCF,All GHG,MtCO₂e,3.89,3.8,3.78,3.85,3.78,3.58,3.44,3.66,3.55,3.65,3.79,4.03,0.01,-0.71,0.37,-0.07,0.15,0.09,0.29,0.28,0.15,0.05,3.68,3.43,4.0,3.91,3.76,3.51,3.37,3.41,3.58,3.61,4.2
BRB,Barbados,Climate Watch,Total including LUCF,All GHG,MtCO₂e,3.83,3.76,3.81,3.97,4.0,3.89,3.87,3.81,3.83,3.99,3.99,4.04,3.97,4.09,4.13,3.85,3.83,3.79,3.75,3.71,3.66,3.69,3.7,3.68,3.59,3.52,3.39,3.33,3.29,3.17,3.19,3.25,3.2
ISL,Iceland,Climate Watch,Total including LUCF,All GHG,MtCO₂e,3.42,3.38,3.27,3.47,3.53,3.51,3.45,3.9,3.78,3.79,3.64,3.66,3.9,4.03,4.35,4.45,4.43,3.96,4.02,3.96,3.99,3.93,4.09,4.05,4.08,3.94,3.97,3.71,3.78,3.7,3.74,3.94,4.06
SWZ,Eswatini,Climate Watch,Total including LUCF,All GHG,MtCO₂e,3.12,3.04,2.97,3.19,3.01,3.0,3.03,2.96,2.97,2.94,2.76,2.75,2.8,2.99,3.09,3.21,2.99,3.09,3.08,3.08,3.07,3.04,3.16,3.35,3.33,3.23,3.23,3.43,3.44,2.79,3.08,3.22,3.22
BHS,Bahamas,Climate Watch,Total including LUCF,All GHG,MtCO₂e,3.04,2.93,2.47,2.95,2.85,2.98,2.68,2.64,2.46,2.46,2.43,2.55,2.61,2.55,2.32,2.2,2.18,2.24,2.41,2.35,2.32,2.27,2.46,2.44,2.4,1.99,2.19,2.16,2.08,2.05,2.18,2.31,2.23
GMB,Gambia,Climate Watch,Total including LUCF,All GHG,MtCO₂e,2.83,2.69,2.82,2.83,2.67,2.79,2.84,2.92,2.71,2.57,2.5,2.42,2.72,2.68,2.32,2.17,2.12,2.03,2.18,2.27,2.38,2.59,3.13,3.49,3.56,3.83,4.15,4.45,4.92,5.38,5.26,5.15,5.0
MDV,Maldives,Climate Watch,Total including LUCF,All GHG,MtCO₂e,2.53,2.58,2.26,2.47,2.22,1.94,1.81,1.6,1.62,1.37,1.36,1.2,1.13,1.07,1.01,0.94,0.9,0.74,0.8,0.63,0.71,0.58,0.55,0.51,0.39,0.41,0.35,0.32,0.26,0.26,0.28,0.21,0.2
GRD,Grenada,Climate Watch,Total including LUCF,All GHG,MtCO₂e,2.43,2.41,2.37,2.41,2.37,2.36,2.33,2.3,2.27,2.32,2.27,2.24,2.24,2.22,2.21,2.19,2.16,2.15,2.12,2.12,2.1,2.08,2.06,2.05,2.03,2.0,1.98,1.94,1.92,1.89,1.88,1.86,1.84
MLT,Malta,Climate Watch,Total including LUCF,All GHG,MtCO₂e,2.23,2.07,2.08,2.14,2.04,2.02,1.87,2.16,2.84,2.83,3.16,2.99,3.01,2.9,3.09,3.15,3.06,2.98,2.93,2.92,2.62,2.79,2.41,2.68,2.64,2.73,2.57,2.63,2.76,3.05,2.41,2.43,2.53
DJI,Djibouti,Climate Watch,Total including LUCF,All GHG,MtCO₂e,1.6,1.52,1.44,1.52,1.45,1.38,1.37,1.45,1.36,1.31,1.22,1.23,1.42,1.34,1.36,1.35,1.31,1.31,1.27,1.28,1.26,1.23,1.22,1.23,1.2,1.13,1.08,1.05,0.99,0.98,0.96,0.95,0.94
ATG,Antigua and Barbuda,Climate Watch,Total including LUCF,All GHG,MtCO₂e,1.5,1.42,1.34,1.34,1.29,1.25,1.22,1.18,1.15,1.13,1.12,1.1,1.09,1.08,1.03,0.99,0.93,0.86,0.81,0.77,0.72,0.68,0.64,0.61,0.57,0.54,0.5,0.47,0.46,0.44,0.42,0.41,0.39
SYC,Seychelles,Climate Watch,Total including LUCF,All GHG,MtCO₂e,0.83,0.78,0.77,0.76,0.76,0.72,0.71,0.64,0.59,0.54,0.55,0.53,0.56,0.56,0.52,0.51,0.49,0.48,0.48,0.44,0.44,0.41,0.38,0.4,0.38,0.36,0.32,0.28,0.28,0.26,0.24,0.24,0.22
LCA,Saint Lucia,Climate Watch,Total including LUCF,All GHG,MtCO₂e,0.77,0.74,0.7,0.72,0.72,0.72,0.69,0.68,0.68,0.67,0.67,0.65,0.68,0.61,0.61,0.6,0.58,0.56,0.56,0.54,0.51,0.52,0.48,0.57,0.64,0.68,0.77,0.83,0.9,0.87,0.83,0.79,0.77
BTN,Bhutan,Climate Watch,Total including LUCF,All GHG,MtCO₂e,0.75,0.84,0.59,0.96,1.1,1.06,0.95,0.83,0.71,0.61,0.55,0.37,-5.05,-5.31,-5.3,-5.52,-5.59,-5.92,-5.98,-5.94,-5.94,-5.95,-6.0,-5.97,-5.99,-5.99,-6.07,-6.13,-6.18,-6.21,-6.18,-6.2,-5.72
COM,Comoros,Climate Watch,Total including LUCF,All GHG,MtCO₂e,0.73,0.7,0.57,0.51,0.48,0.45,0.39,0.37,0.35,0.37,0.34,0.33,0.34,0.32,0.3,0.3,0.36,0.37,0.34,0.33,0.31,0.31,0.3,0.31,0.3,0.28,0.28,0.27,0.27,0.27,0.26,0.26,0.32
CPV,Cabo Verde,Climate Watch,Total including LUCF,All GHG,MtCO₂e,0.7,0.66,0.63,0.74,0.67,0.67,0.65,0.61,0.6,0.61,0.63,0.66,0.64,0.6,0.56,0.56,0.62,0.54,0.53,0.5,0.48,0.45,-0.05,-0.05,-0.1,-0.13,-0.15,-0.14,-0.19,-0.17,-0.16,-0.2,-0.2
VUT,Vanuatu,Climate Watch,Total including LUCF,All GHG,MtCO₂e,0.69,0.69,0.68,0.63,0.64,0.61,0.64,0.71,0.78,0.73,0.73,0.73,0.71,0.69,0.69,0.67,0.59,0.58,0.57,0.56,0.54,0.54,0.57,0.59,0.58,0.57,0.57,0.56,0.55,0.55,0.52,0.5,0.48
WSM,Samoa,Climate Watch,Total including LUCF,All GHG,MtCO₂e,0.66,0.68,0.64,0.68,0.68,0.7,0.7,0.71,0.67,0.65,0.65,0.65,0.63,0.59,0.58,0.6,0.59,0.6,0.59,0.58,0.58,0.57,0.54,0.54,0.54,0.52,0.52,0.5,0.49,0.47,0.45,0.45,0.44
AND,Andorra,Climate Watch,Total including LUCF,All GHG,MtCO₂e,0.55,0.54,0.51,0.62,0.62,0.59,0.59,0.58,0.57,0.59,0.6,0.6,0.63,0.62,0.64,0.64,0.64,0.66,0.64,0.61,0.6,0.59,0.59,0.57,0.54,0.51,0.49,0.46,0.44,0.44,0.43,0.43,0.43
STP,São Tomé and Principe,Climate Watch,Total including LUCF,All GHG,MtCO₂e,0.41,0.4,0.4,0.4,0.4,0.41,0.4,0.39,0.38,0.36,0.36,0.34,0.14,0.13,0.12,0.11,0.11,0.11,0.11,0.1,0.09,0.08,0.08,0.08,0.08,0.07,0.07,0.07,0.07,0.07,0.07,0.07,0.07
KNA,Saint Kitts and Nevis,Climate Watch,Total including LUCF,All GHG,MtCO₂e,0.36,0.34,0.34,0.35,0.35,0.34,0.34,0.33,0.32,0.32,0.32,0.34,0.33,0.33,0.32,0.32,0.3,0.29,0.31,0.29,0.29,0.28,0.27,0.25,0.25,0.23,0.22,0.21,0.21,0.2,0.19,0.19,0.19
TON,Tonga,Climate Watch,Total including LUCF,All GHG,MtCO₂e,0.34,0.34,0.34,0.31,0.28,0.28,0.27,0.25,0.26,0.26,0.25,0.25,0.26,0.28,0.26,0.26,0.27,0.25,0.25,0.26,0.23,0.23,0.23,0.25,0.24,0.24,0.24,0.26,0.26,0.26,0.25,0.26,0.25
VCT,Saint Vincent and the Grenadines,Climate Watch,Total including LUCF,All GHG,MtCO₂e,0.34,0.33,0.33,0.31,0.33,0.31,0.34,0.33,0.35,0.31,0.32,0.31,0.32,0.37,0.31,0.33,0.31,0.31,0.31,0.29,0.28,0.28,0.2,0.21,0.21,0.18,0.17,0.17,0.16,0.15,0.12,0.12,0.11
PLW,Palau,Climate Watch,Total including LUCF,All GHG,MtCO₂e,0.24,0.25,0.25,0.25,0.24,0.24,0.23,0.24,0.24,0.25,0.25,0.24,0.24,0.23,0.23,0.24,0.25,0.25,0.24,0.23,0.23,0.23,0.23,0.22,0.22,0.22,0.21,0.21,0.21,0.21,0.21,0.01,0.01
DMA,Dominica,Climate Watch,Total including LUCF,All GHG,MtCO₂e,0.22,0.22,0.21,0.23,0.22,0.21,0.23,0.24,0.23,0.22,0.23,0.21,0.23,0.24,0.23,0.23,0.21,0.21,0.2,0.17,0.16,0.2,0.25,0.23,0.23,0.24,0.23,0.25,0.25,0.25,0.24,0.25,0.24
MHL,Marshall Islands,Climate Watch,Total including LUCF,All GHG,MtCO₂e,0.2,0.2,0.2,0.2,0.2,0.2,0.19,0.19,0.18,0.18,0.18,0.18,0.18,0.17,0.17,0.17,0.16,0.15,0.15,0.15,0.15,0.14,0.13,0.13,0.13,0.12,0.12,0.12,0.12,0.11,0.11,0.03,0.03
FSM,Micronesia,Climate Watch,Total including LUCF,All GHG,MtCO₂e,0.19,0.2,0.2,0.2,0.19,0.19,0.19,0.19,0.19,0.19,0.18,0.16,0.15,0.19,0.15,0.17,0.16,0.16,0.19,0.2,0.19,0.21,0.22,0.23,0.25,0.24,0.23,0.22,0.19,0.18,0.17,0.03,0.01
LIE,Liechtenstein,Climate Watch,Total including LUCF,All GHG,MtCO₂e,0.19,0.18,0.18,0.18,0.18,0.19,0.18,0.19,0.2,0.23,0.22,0.21,0.25,0.27,0.28,0.26,0.29,0.29,0.29,0.29,0.28,0.27,0.27,0.27,0.28,0.27,0.25,0.25,0.25,0.26,0.25,0.25,0.22
KIR,Kiribati,Climate Watch,Total including LUCF,All GHG,MtCO₂e,0.1,0.11,0.1,0.11,0.1,0.1,0.09,0.09,0.09,0.09,0.08,0.08,0.08,0.08,0.08,0.08,0.08,0.08,0.07,0.06,0.06,0.06,0.06,0.05,0.05,0.05,0.05,0.05,0.04,0.05,0.04,0.04,0.04
COK,Cook Islands,Climate Watch,Total including LUCF,All GHG,MtCO₂e,0.08,0.08,0.08,0.09,0.09,0.09,0.09,0.09,0.1,0.09,0.09,0.09,0.09,0.08,0.08,0.08,0.08,0.07,0.07,0.06,0.06,0.07,0.05,0.05,0.05,0.05,0.05,0.04,0.04,0.04,0.03,0.03,0.03
NRU,Nauru,Climate Watch,Total including LUCF,All GHG,MtCO₂e,0.06,0.06,0.06,0.06,0.06,0.06,0.06,0.06,0.06,0.05,0.05,0.05,0.05,0.05,0.05,0.05,0.05,0.07,0.07,0.07,0.08,0.09,0.09,0.1,0.1,0.11,0.11,0.11,0.12,0.12,0.12,0.13,0.13
TUV,Tuvalu,Climate Watch,Total including LUCF,All GHG,MtCO₂e,0.02,0.02,0.02,0.02,0.02,0.02,0.02,0.02,0.02,0.02,0.02,0.02,0.02,0.02,0.02,0.03,0.02,0.02,0.02,0.02,0.02,0.02,0.02,0.02,0.02,0.02,0.02,0.02,0.02,0.02,0.02,0.02,0.01
NIU,Niue,Climate Watch,Total including LUCF,All GHG,MtCO₂e,0.01,0.01,0.01,0.01,0.01,0.01,0.01,0.01,0.0,0.0,0.0,0.0,0.01,0.01,0.01,0.01,0.01,0.01,0.01,0.01,0.01,0.01,0.01,0.01,0.01,0.01,0.01,0.01,0.01,0.01,0.01,0.01,0.01
FJI,Fiji,Climate Watch,Total including LUCF,All GHG,MtCO₂e,-0.79,-0.79,-0.81,-0.37,-0.49,-0.55,-0.73,-0.66,-0.72,-0.36,-0.5,-0.47,-0.37,-0.68,-0.58,-0.31,-0.25,-0.36,-0.11,-0.42,-0.55,-0.37,-0.6,-0.63,-0.6,-0.56,-0.55,-0.6,-0.67,-0.71,-0.77,-0.82,-0.84
